"day","survival","cif_event","cif_death","risk_weight","event_weight","death_weight","cohort","landmark","outcome","treatment","weight_type","group"
0,1,0,0,70890.3860686848,0,0,"Acute cholecystitis",3,"biliary_readmission","not_early_completion","ow","Not completed by day 3"
1,0.995445006307763,0.00379329860406822,0.000761695088168771,70890.3860686848,268.908402516199,53.996858866905,"Acute cholecystitis",3,"biliary_readmission","not_early_completion","ow","Not completed by day 3"
2,0.991166623768114,0.00749289807609204,0.0013404781557941,70567.4808073017,262.266034871271,41.0301551139776,"Acute cholecystitis",3,"biliary_readmission","not_early_completion","ow","Not completed by day 3"
3,0.986865736167548,0.0111189865530198,0.00201527727943217,70264.1846173164,257.054812048616,47.8367703935123,"Acute cholecystitis",3,"biliary_readmission","not_early_completion","ow","Not completed by day 3"
4,0.982883724344397,0.0143736961591418,0.00274257949646157,69959.2930348743,230.727620519447,51.5587349538251,"Acute cholecystitis",3,"biliary_readmission","not_early_completion","ow","Not completed by day 3"
5,0.979258171983616,0.017294707940871,0.003447120075513,69677.006679401,207.071652917962,49.9451536500105,"Acute cholecystitis",3,"biliary_readmission","not_early_completion","ow","Not completed by day 3"
6,0.975494744326854,0.0203578742301833,0.00414738144296315,69419.9898728331,217.149040841929,49.6417986875264,"Acute cholecystitis",3,"biliary_readmission","not_early_completion","ow","Not completed by day 3"
7,0.971626852064277,0.0234053203287184,0.00496782760700462,69153.1990333036,216.034630448663,58.1617453174714,"Acute cholecystitis",3,"biliary_readmission","not_early_completion","ow","Not completed by day 3"
8,0.968041162140301,0.0264105211091051,0.00554831675059406,68879.0026575375,213.039843535527,41.1510994977355,"Acute cholecystitis",3,"biliary_readmission","not_early_completion","ow","Not completed by day 3"
9,0.965227479755627,0.0286966608044867,0.00607585943988571,68624.8117145042,162.065325612546,37.3977049115974,"Acute cholecystitis",3,"biliary_readmission","not_early_completion","ow","Not completed by day 3"
10,0.962676396402992,0.0307932912167137,0.00653031238029373,68425.3486839801,148.630939366117,32.216344395573,"Acute cholecystitis",3,"biliary_readmission","not_early_completion","ow","Not completed by day 3"
11,0.959743866427012,0.033187772601639,0.00706836097134852,68244.5014002184,169.74570981163,38.1424723435864,"Acute cholecystitis",3,"biliary_readmission","not_early_completion","ow","Not completed by day 3"
12,0.957218520155788,0.0353734064330682,0.00740807341114387,68036.6132180631,154.940426114795,24.0823460094268,"Acute cholecystitis",3,"biliary_readmission","not_early_completion","ow","Not completed by day 3"
13,0.954703934652039,0.037504274840653,0.00779179050730778,67857.5904459389,151.058084075249,27.2018530882142,"Acute cholecystitis",3,"biliary_readmission","not_early_completion","ow","Not completed by day 3"
14,0.952093337591873,0.0397489076976291,0.00815775471049782,67679.3305087755,159.122889813492,25.9433436514606,"Acute cholecystitis",3,"biliary_readmission","not_early_completion","ow","Not completed by day 3"
15,0.949610383118012,0.0417618116598554,0.00862780522213231,67494.2642753105,142.695539001412,33.3220622415517,"Acute cholecystitis",3,"biliary_readmission","not_early_completion","ow","Not completed by day 3"
16,0.947594865075263,0.0435734207465085,0.00883171417822863,67318.2466740675,128.425667558374,14.4551846205307,"Acute cholecystitis",3,"biliary_readmission","not_early_completion","ow","Not completed by day 3"
17,0.945528958214033,0.0453440329415014,0.00912700884446492,67175.3658218886,125.519382080964,20.9335528935143,"Acute cholecystitis",3,"biliary_readmission","not_early_completion","ow","Not completed by day 3"
18,0.943325598527507,0.0472135728284338,0.00946082864405848,67028.9128869142,132.532404355448,23.6646144705587,"Acute cholecystitis",3,"biliary_readmission","not_early_completion","ow","Not completed by day 3"
19,0.941058098023641,0.0492627808392978,0.00967912113706133,66872.7158680882,145.26914702519,15.4748391048676,"Acute cholecystitis",3,"biliary_readmission","not_early_completion","ow","Not completed by day 3"
20,0.939035542281904,0.0510017583356087,0.0099626993824867,66711.9718819581,123.276786078231,20.1029712988848,"Acute cholecystitis",3,"biliary_readmission","not_early_completion","ow","Not completed by day 3"
21,0.937033789144661,0.0527962889569697,0.0101699218983689,66568.592124581,127.214968560358,14.6900841530143,"Acute cholecystitis",3,"biliary_readmission","not_early_completion","ow","Not completed by day 3"
22,0.935133489819454,0.0545486064036461,0.0103179037768995,66426.6870718676,124.222460309786,10.4904925001995,"Acute cholecystitis",3,"biliary_readmission","not_early_completion","ow","Not completed by day 3"
23,0.932890348026639,0.0564902443273424,0.010619407646018,66291.9741190576,137.643462016427,21.373725683014,"Acute cholecystitis",3,"biliary_readmission","not_early_completion","ow","Not completed by day 3"
24,0.930661576464095,0.0584956699907093,0.0108427535451953,66132.9569313582,142.165399508128,15.8330770195395,"Acute cholecystitis",3,"biliary_readmission","not_early_completion","ow","Not completed by day 3"
25,0.928971426247366,0.0600436127052616,0.010984961047372,65974.9584548305,109.734256646819,10.0811447311712,"Acute cholecystitis",3,"biliary_readmission","not_early_completion","ow","Not completed by day 3"
26,0.927042793534489,0.0618366027384782,0.0111206037270322,65855.1430534525,127.10575567203,9.61576192850247,"Acute cholecystitis",3,"biliary_readmission","not_early_completion","ow","Not completed by day 3"
27,0.92519028233672,0.0634340642483547,0.0113756534149248,65718.421535852,113.244663165009,18.0805708414011,"Acute cholecystitis",3,"biliary_readmission","not_early_completion","ow","Not completed by day 3"
28,0.923341573932647,0.06518959482561,0.0114688312417422,65587.0963018456,124.450240377009,6.60541211612393,"Acute cholecystitis",3,"biliary_readmission","not_early_completion","ow","Not completed by day 3"
29,0.921727687237826,0.0666574138972846,0.0116148988648892,65456.0406493525,104.054260669995,10.354790197027,"Acute cholecystitis",3,"biliary_readmission","not_early_completion","ow","Not completed by day 3"
30,0.920066128141097,0.0681979362702664,0.0117359355886359,65341.6315984854,109.208225768126,8.5803400748944,"Acute cholecystitis",3,"biliary_readmission","not_early_completion","ow","Not completed by day 3"
31,0.918645666892383,0.0694827726629756,0.0118715604446412,65223.8430326424,91.0825479142471,9.6144984027277,"Acute cholecystitis",3,"biliary_readmission","not_early_completion","ow","Not completed by day 3"
32,0.917138667030808,0.0708722225357699,0.011989110433422,65123.1459863254,98.4986379054735,8.3331640870374,"Acute cholecystitis",3,"biliary_readmission","not_early_completion","ow","Not completed by day 3"
33,0.915656717672315,0.072237660835182,0.0121056214925023,65016.3141843329,96.7964481982956,8.25951395947523,"Acute cholecystitis",3,"biliary_readmission","not_early_completion","ow","Not completed by day 3"
34,0.914033293309725,0.0737071352401848,0.0122595714500901,64911.2582221752,104.1716078887,10.9135719286585,"Acute cholecystitis",3,"biliary_readmission","not_early_completion","ow","Not completed by day 3"
35,0.912647840950472,0.0749242340243946,0.0124279250251333,64796.1730423578,86.2806026963594,11.9346499308556,"Acute cholecystitis",3,"biliary_readmission","not_early_completion","ow","Not completed by day 3"
36,0.911015957047659,0.0763610125292956,0.0126230304230452,64697.9577897306,101.853782907619,13.8310969820579,"Acute cholecystitis",3,"biliary_readmission","not_early_completion","ow","Not completed by day 3"
37,0.909345667262778,0.077943075803931,0.0127112569332909,64582.2729098409,112.153076323988,6.25441137281158,"Acute cholecystitis",3,"biliary_readmission","not_early_completion","ow","Not completed by day 3"
38,0.908191642814766,0.0790430231226095,0.0127653340626239,64463.8654221441,77.9756900763332,3.83354857590168,"Acute cholecystitis",3,"biliary_readmission","not_early_completion","ow","Not completed by day 3"
39,0.906349150791107,0.0807974817941028,0.0128533674147903,64382.0561834919,124.374252563714,6.24071832199779,"Acute cholecystitis",3,"biliary_readmission","not_early_completion","ow","Not completed by day 3"
40,0.904705043248191,0.0823263958908776,0.0129685608609316,64251.4412126062,108.385310586217,8.16610786953887,"Acute cholecystitis",3,"biliary_readmission","not_early_completion","ow","Not completed by day 3"
41,0.903728523428472,0.083292247818441,0.0129792287530868,64134.8897941504,68.469616030156,0.756250993417477,"Acute cholecystitis",3,"biliary_readmission","not_early_completion","ow","Not completed by day 3"
42,0.902397455781341,0.0845250841465682,0.0130774600720904,64065.6639271268,87.3962432604345,6.96365612820095,"Acute cholecystitis",3,"biliary_readmission","not_early_completion","ow","Not completed by day 3"
43,0.901009560401539,0.0858754334504254,0.0131150061480356,63971.3040277382,95.7267834780214,2.66165581912298,"Acute cholecystitis",3,"biliary_readmission","not_early_completion","ow","Not completed by day 3"
44,0.899467973430289,0.0872799677854314,0.0132520587842792,63872.9155884411,99.5679812552935,9.71571429504009,"Acute cholecystitis",3,"biliary_readmission","not_early_completion","ow","Not completed by day 3"
45,0.89787167650896,0.0887787645461169,0.0133495589449225,63763.6318928907,106.250281003489,6.91182402976236,"Acute cholecystitis",3,"biliary_readmission","not_early_completion","ow","Not completed by day 3"
46,0.896219230186467,0.0902241496388989,0.0135566201746344,63650.4697878575,102.46390724524,14.6786505141333,"Acute cholecystitis",3,"biliary_readmission","not_early_completion","ow","Not completed by day 3"
47,0.895049826862718,0.0913313205497888,0.0136188525874931,63533.3272300981,78.4877733170049,4.41167977353321,"Acute cholecystitis",3,"biliary_readmission","not_early_completion","ow","Not completed by day 3"
48,0.893970240680587,0.0923181156284036,0.013711643691009,63450.4277770076,69.9542840936826,6.57799715198169,"Acute cholecystitis",3,"biliary_readmission","not_early_completion","ow","Not completed by day 3"
49,0.892738003706766,0.0934558740046113,0.0138061222886219,63373.8954957619,80.6561305422422,6.69762426000972,"Acute cholecystitis",3,"biliary_readmission","not_early_completion","ow","Not completed by day 3"
50,0.891510606624786,0.0946250862051855,0.0138643071700278,63286.5417409596,82.8859042949219,4.12474870622689,"Acute cholecystitis",3,"biliary_readmission","not_early_completion","ow","Not completed by day 3"
51,0.890322134099646,0.0956586639926641,0.0140192019076897,63199.5310879585,73.2707283863715,10.9805477528584,"Acute cholecystitis",3,"biliary_readmission","not_early_completion","ow","Not completed by day 3"
52,0.889039105978645,0.0968880112384758,0.0140728827828784,63115.2798118193,87.1489008680702,3.80545796662803,"Acute cholecystitis",3,"biliary_readmission","not_early_completion","ow","Not completed by day 3"
53,0.887783646055527,0.0981010720778333,0.0141152818666391,63024.3254529846,85.9943512268539,3.00568741676023,"Acute cholecystitis",3,"biliary_readmission","not_early_completion","ow","Not completed by day 3"
54,0.886417771476774,0.0993905899622584,0.0141916385609673,62935.325414341,91.4144206693649,5.41295553985124,"Acute cholecystitis",3,"biliary_readmission","not_early_completion","ow","Not completed by day 3"
55,0.885311531779586,0.100450584909306,0.0142378833111069,62838.4980381317,75.1434510270962,3.27830819104343,"Acute cholecystitis",3,"biliary_readmission","not_early_completion","ow","Not completed by day 3"
56,0.88437497832512,0.101312190333035,0.0143128313418447,62760.0762789136,61.0795411269622,5.31309483409168,"Acute cholecystitis",3,"biliary_readmission","not_early_completion","ow","Not completed by day 3"
57,0.883389268303352,0.102174428000132,0.0144363036965153,62693.6836429525,61.1243611035057,8.75300289140973,"Acute cholecystitis",3,"biliary_readmission","not_early_completion","ow","Not completed by day 3"
58,0.882346814427311,0.103194030586219,0.0144591549864698,62623.8062789576,72.2800209642985,1.6199367670422,"Acute cholecystitis",3,"biliary_readmission","not_early_completion","ow","Not completed by day 3"
59,0.881338539312948,0.104111917128928,0.0145495435581238,62549.9063212263,65.0693313799174,6.40768074075187,"Acute cholecystitis",3,"biliary_readmission","not_early_completion","ow","Not completed by day 3"
60,0.880124265480352,0.105144458034326,0.0147312764853221,62478.4293091056,73.197223415349,12.8831173704739,"Acute cholecystitis",3,"biliary_readmission","not_early_completion","ow","Not completed by day 3"
61,0.878789783060699,0.106362187187082,0.0148480297522193,62392.3489683198,86.3252897659718,8.27668416512567,"Acute cholecystitis",3,"biliary_readmission","not_early_completion","ow","Not completed by day 3"
62,0.87799337092827,0.107122354912479,0.0148842741592499,62297.7469943887,53.8885835303876,2.56938000723154,"Acute cholecystitis",3,"biliary_readmission","not_early_completion","ow","Not completed by day 3"
63,0.876914589171032,0.108126436437994,0.0149589743909735,62241.2890308511,71.1797269881995,5.29552826630467,"Acute cholecystitis",3,"biliary_readmission","not_early_completion","ow","Not completed by day 3"
64,0.875846947911738,0.109106393271883,0.0150466588163784,62164.8137755966,69.4695182850008,6.21598276916615,"Acute cholecystitis",3,"biliary_readmission","not_early_completion","ow","Not completed by day 3"
65,0.874892928875041,0.109897186868134,0.0152098842568251,62089.1282745424,56.0596633388604,11.5711144894935,"Acute cholecystitis",3,"biliary_readmission","not_early_completion","ow","Not completed by day 3"
66,0.874079337514169,0.110627252345788,0.0152934101400419,62021.497496714,51.7546235663452,5.92118210796685,"Acute cholecystitis",3,"biliary_readmission","not_early_completion","ow","Not completed by day 3"
67,0.873105429132498,0.111535099639166,0.015359471228336,61963.8216910397,64.3576451189486,4.68309605328572,"Acute cholecystitis",3,"biliary_readmission","not_early_completion","ow","Not completed by day 3"
68,0.872221268561277,0.112354694199491,0.0154240372392322,61894.7809498675,58.1013748012311,4.57710943934603,"Acute cholecystitis",3,"biliary_readmission","not_early_completion","ow","Not completed by day 3"
69,0.871358160712169,0.11307146686831,0.0155703724195205,61832.1024656269,50.8122912161017,10.373757426074,"Acute cholecystitis",3,"biliary_readmission","not_early_completion","ow","Not completed by day 3"
70,0.870544892080882,0.113762570362123,0.0156925375569946,61770.9164169848,48.9925934898002,8.66033375967303,"Acute cholecystitis",3,"biliary_readmission","not_early_completion","ow","Not completed by day 3"
71,0.869969063704303,0.114338398738702,0.0156925375569946,61713.2634897353,40.8206959249609,0,"Acute cholecystitis",3,"biliary_readmission","not_early_completion","ow","Not completed by day 3"
72,0.868913837420349,0.115348031791853,0.0157381307877975,61672.4427938103,71.5732769255773,3.23212173373564,"Acute cholecystitis",3,"biliary_readmission","not_early_completion","ow","Not completed by day 3"
73,0.867892689708829,0.116299645630785,0.0158076646603851,61597.637395151,67.4602724302086,4.92928307258466,"Acute cholecystitis",3,"biliary_readmission","not_early_completion","ow","Not completed by day 3"
74,0.867058183810094,0.117116196568804,0.0158256196211012,61525.2478396482,57.8856112409177,1.2728340970118,"Acute cholecystitis",3,"biliary_readmission","not_early_completion","ow","Not completed by day 3"
75,0.866608329997796,0.117491954504524,0.015899715497679,61466.0893943103,26.6376251315774,5.25268529669967,"Acute cholecystitis",3,"biliary_readmission","not_early_completion","ow","Not completed by day 3"
76,0.865862755073297,0.11817098526903,0.0159662596576723,61434.199083882,48.136753048352,4.71734119253691,"Acute cholecystitis",3,"biliary_readmission","not_early_completion","ow","Not completed by day 3"
77,0.865194777443774,0.118706719855499,0.0160985027007262,61381.3449896411,37.9784316651522,9.37476037699116,"Acute cholecystitis",3,"biliary_readmission","not_early_completion","ow","Not completed by day 3"
78,0.864386838700927,0.119439785340572,0.0161733759585005,61333.991797599,51.9672952504107,5.3077941498413,"Acute cholecystitis",3,"biliary_readmission","not_early_completion","ow","Not completed by day 3"
79,0.863583938912919,0.120184453196384,0.0162316078906964,61276.7167081987,52.78979179145,4.12808415489084,"Acute cholecystitis",3,"biliary_readmission","not_early_completion","ow","Not completed by day 3"
80,0.862837378048393,0.120849485669729,0.016313136281877,61219.7988322524,47.1444087836832,5.77957912635102,"Acute cholecystitis",3,"biliary_readmission","not_early_completion","ow","Not completed by day 3"
81,0.861863732379353,0.121702306451751,0.016433961168895,61166.8748443423,60.456794484923,8.56532288740955,"Acute cholecystitis",3,"biliary_readmission","not_early_completion","ow","Not completed by day 3"
82,0.861167420827583,0.122347342026787,0.016485237145629,61097.85272697,45.726820942335,3.63497378672816,"Acute cholecystitis",3,"biliary_readmission","not_early_completion","ow","Not completed by day 3"
83,0.860345512284553,0.123083655586975,0.0165708321284718,61048.4909322409,52.1975525493027,6.06786137926542,"Acute cholecystitis",3,"biliary_readmission","not_early_completion","ow","Not completed by day 3"
84,0.859691171697118,0.123646304176717,0.0166625241261642,60990.2255183124,39.8863757478196,6.50008111582323,"Acute cholecystitis",3,"biliary_readmission","not_early_completion","ow","Not completed by day 3"
85,0.858994092765141,0.124319159915707,0.0166867473191512,60943.8390614487,47.6990031055345,1.71719150266294,"Acute cholecystitis",3,"biliary_readmission","not_early_completion","ow","Not completed by day 3"
86,0.858478002751902,0.124706281416045,0.0168157158320528,60894.4228668405,27.4431926144647,9.14262767029778,"Acute cholecystitis",3,"biliary_readmission","not_early_completion","ow","Not completed by day 3"
87,0.857850696336498,0.125266109812778,0.016883193850723,60857.8370465558,39.68645117662,4.78354279468186,"Acute cholecystitis",3,"biliary_readmission","not_early_completion","ow","Not completed by day 3"
88,0.857306573160799,0.125726940848264,0.0169664859909365,60813.3670525845,32.6684900180355,5.90461197622275,"Acute cholecystitis",3,"biliary_readmission","not_early_completion","ow","Not completed by day 3"
89,0.856823184546416,0.126175141591058,0.0170016738625253,60774.7939505902,31.7731236929576,2.49448180186805,"Acute cholecystitis",3,"biliary_readmission","not_early_completion","ow","Not completed by day 3"
90,0.856468645302036,0.126495745058114,0.0170356096398501,60740.5263450954,22.7277035545092,2.40572035609216,"Acute cholecystitis",3,"biliary_readmission","not_early_completion","ow","Not completed by day 3"
0,1,0,0,70890.3861671213,0,0,"Acute cholecystitis",3,"biliary_readmission","early_completion","ow","Completed by day 3"
1,0.999153562045197,0.000539531115370287,0.000306906839433154,70890.3861671213,38.2475691177773,21.756744364747,"Acute cholecystitis",3,"biliary_readmission","early_completion","ow","Completed by day 3"
2,0.998231267988192,0.00114974039690238,0.000618991614905741,70830.3818536387,43.2579716105718,22.123810250131,"Acute cholecystitis",3,"biliary_readmission","early_completion","ow","Completed by day 3"
3,0.997307419181354,0.00169300195765187,0.000999578860994506,70765.000071778,38.5120218312841,26.9799768455138,"Acute cholecystitis",3,"biliary_readmission","early_completion","ow","Completed by day 3"
4,0.996471981538274,0.00228904031048286,0.00123897815124291,70699.5080731012,42.253389002604,16.971108133844,"Acute cholecystitis",3,"biliary_readmission","early_completion","ow","Completed by day 3"
5,0.995538566967539,0.00306769644095206,0.00139373659150881,70640.2835759648,55.199233780358,10.970885593071,"Acute cholecystitis",3,"biliary_readmission","early_completion","ow","Completed by day 3"
6,0.994773405789532,0.00362582953122209,0.00160076467924628,70574.1134565914,39.5662703018909,14.6763010871503,"Acute cholecystitis",3,"biliary_readmission","early_completion","ow","Completed by day 3"
7,0.99401546906872,0.00411128679857633,0.00187324413270383,70519.8708852023,34.4142531503776,19.3161736782116,"Acute cholecystitis",3,"biliary_readmission","early_completion","ow","Completed by day 3"
8,0.993438689911771,0.00454512601069631,0.00201618407753257,70466.1404583737,30.7550292816253,10.1330678876166,"Acute cholecystitis",3,"biliary_readmission","early_completion","ow","Completed by day 3"
9,0.992848385155165,0.0049345454400406,0.00221706940479421,70425.2523612045,27.6060937271963,14.2408384248858,"Acute cholecystitis",3,"biliary_readmission","early_completion","ow","Completed by day 3"
10,0.992377996337746,0.00527915200236368,0.00234285165989036,70383.4054290524,24.4292922788076,8.91675263673726,"Acute cholecystitis",3,"biliary_readmission","early_completion","ow","Completed by day 3"
11,0.991883750553664,0.00556635606177342,0.00254989338456251,70350.0593841369,20.3600066803212,14.6772678147156,"Acute cholecystitis",3,"biliary_readmission","early_completion","ow","Completed by day 3"
12,0.991397701506136,0.00587189550693207,0.00273040298693201,70315.0221096418,21.6598092565846,12.7963954188477,"Acute cholecystitis",3,"biliary_readmission","early_completion","ow","Completed by day 3"
13,0.990969552914397,0.0062078937376641,0.00282255334793905,70280.5659049664,23.819044328063,6.53257467722846,"Acute cholecystitis",3,"biliary_readmission","early_completion","ow","Completed by day 3"
14,0.99055207014585,0.00652873217768076,0.00291919767646914,70250.2142859611,22.7443609100376,6.85115377036016,"Acute cholecystitis",3,"biliary_readmission","early_completion","ow","Completed by day 3"
15,0.990229172490049,0.00673149639881246,0.003039331111139,70220.6187712807,14.3740339369018,8.51630557532915,"Acute cholecystitis",3,"biliary_readmission","early_completion","ow","Completed by day 3"
16,0.989808560126629,0.00706325757914764,0.00312818229422323,70197.7284317685,23.5186781892208,6.29869468024677,"Acute cholecystitis",3,"biliary_readmission","early_completion","ow","Completed by day 3"
17,0.989467936792946,0.00731360205145042,0.00321846115560352,70167.911058899,17.7470163163483,6.39990334597663,"Acute cholecystitis",3,"biliary_readmission","early_completion","ow","Completed by day 3"
18,0.989154271346749,0.00756599662526441,0.00327973202798717,70143.7641392367,17.8923488041602,4.34351580407319,"Acute cholecystitis",3,"biliary_readmission","early_completion","ow","Completed by day 3"
19,0.988870023154338,0.00775849914043914,0.00337147770522351,70121.5282746284,13.6465776388784,6.50388648844843,"Acute cholecystitis",3,"biliary_readmission","early_completion","ow","Completed by day 3"
20,0.98863150451458,0.00794821747128424,0.00342027801413584,70101.3778105011,13.4492057365908,3.45947274386962,"Acute cholecystitis",3,"biliary_readmission","early_completion","ow","Completed by day 3"
21,0.988340780341878,0.00816446710301896,0.00349475255510349,70084.4691320207,15.3300199021725,5.27952896881588,"Acute cholecystitis",3,"biliary_readmission","early_completion","ow","Completed by day 3"
22,0.988195304140424,0.00830593153104999,0.00349876432852651,70063.8595831497,10.0284679320301,0.284396167172753,"Acute cholecystitis",3,"biliary_readmission","early_completion","ow","Completed by day 3"
23,0.987869661496508,0.00851865370158958,0.00361168480190322,70053.5467190505,15.0799568158601,8.00497596384946,"Acute cholecystitis",3,"biliary_readmission","early_completion","ow","Completed by day 3"
24,0.98765434308093,0.00868683793557521,0.00365881898349524,70030.4617862708,11.9226452944626,3.34136033472949,"Acute cholecystitis",3,"biliary_readmission","early_completion","ow","Completed by day 3"
25,0.98737495945971,0.00892359349627983,0.00370144704401081,70015.1977806416,16.7836931255638,3.02191967150393,"Acute cholecystitis",3,"biliary_readmission","early_completion","ow","Completed by day 3"
26,0.987150557176455,0.00913131930840882,0.0037181235151364,69995.3921678445,14.7257630387031,1.18220147799804,"Acute cholecystitis",3,"biliary_readmission","early_completion","ow","Completed by day 3"
27,0.986969409349835,0.00927729830125106,0.00375329234891469,69979.4842033278,10.3485071748738,2.49313220759045,"Acute cholecystitis",3,"biliary_readmission","early_completion","ow","Completed by day 3"
28,0.986798218246106,0.00940591327323295,0.00379586848066132,69966.6425639453,9.11756503066969,3.01823842102041,"Acute cholecystitis",3,"biliary_readmission","early_completion","ow","Completed by day 3"
29,0.986582976167343,0.0095796535919122,0.00383737024074556,69954.5067604936,12.3165182839708,2.94207579898725,"Acute cholecystitis",3,"biliary_readmission","early_completion","ow","Completed by day 3"
30,0.986383171933042,0.00974606758118306,0.00387076048577524,69939.2481664107,11.7971519630226,2.36704736436909,"Acute cholecystitis",3,"biliary_readmission","early_completion","ow","Completed by day 3"
31,0.986238306603257,0.00985732146052006,0.00390437193622343,69925.0839670833,7.88683046879009,2.38272870190882,"Acute cholecystitis",3,"biliary_readmission","early_completion","ow","Completed by day 3"
32,0.98607418895607,0.00996779546207905,0.00395801558185147,69914.8144079126,7.83154463194368,3.80281875398443,"Acute cholecystitis",3,"biliary_readmission","early_completion","ow","Completed by day 3"
33,0.98582212272923,0.010109903904581,0.00406797336618889,69903.1800445267,10.0741223665731,7.79494979376027,"Acute cholecystitis",3,"biliary_readmission","early_completion","ow","Completed by day 3"
34,0.985639953216331,0.0102588785753215,0.00410116820834849,69885.3109723663,10.5608719379139,2.35319517945113,"Acute cholecystitis",3,"biliary_readmission","early_completion","ow","Completed by day 3"
35,0.985462607875814,0.0104253879086053,0.00411200421558135,69872.396905249,11.8039109369179,0.7681687372468,"Acute cholecystitis",3,"biliary_readmission","early_completion","ow","Completed by day 3"
36,0.98528738220296,0.0105455329598208,0.00416708483721931,69859.8248255748,8.51712907673749,3.9046865382405,"Acute cholecystitis",3,"biliary_readmission","early_completion","ow","Completed by day 3"
37,0.985156055009783,0.0106540577334307,0.00418988725678647,69847.4030099598,7.6933631098993,1.61647232866067,"Acute cholecystitis",3,"biliary_readmission","early_completion","ow","Completed by day 3"
38,0.985039437490141,0.0107491044108277,0.00421145809903179,69838.0931745213,6.73789566457588,1.52916533672053,"Acute cholecystitis",3,"biliary_readmission","early_completion","ow","Completed by day 3"
39,0.984796249513099,0.0109127799596422,0.00429097052725874,69829.82611352,11.6030228615745,5.63666674209428,"Acute cholecystitis",3,"biliary_readmission","early_completion","ow","Completed by day 3"
40,0.984685022529211,0.0110102472418698,0.00430473022891924,69812.5864239163,6.9094932757758,0.975430564257034,"Acute cholecystitis",3,"biliary_readmission","early_completion","ow","Completed by day 3"
41,0.984583399163472,0.0110967628363226,0.00431983800020598,69804.7015000763,6.13312390023547,1.07099574064142,"Acute cholecystitis",3,"biliary_readmission","early_completion","ow","Completed by day 3"
42,0.984453759691148,0.0111861696500029,0.00436007065884947,69797.4973804354,6.3380835477699,2.85210870776725,"Acute cholecystitis",3,"biliary_readmission","early_completion","ow","Completed by day 3"
43,0.984388827590137,0.0112264321425963,0.00438474026726683,69788.3071881798,2.85422364799681,1.7488380672979,"Acute cholecystitis",3,"biliary_readmission","early_completion","ow","Completed by day 3"
44,0.984245687074109,0.0113309824079154,0.00442333051797514,69783.7041264646,7.41160868235098,2.73567777499804,"Acute cholecystitis",3,"biliary_readmission","early_completion","ow","Completed by day 3"
45,0.984075515219579,0.0114501270521781,0.00447435772824291,69773.5568400072,8.44620984152426,3.61733864091352,"Acute cholecystitis",3,"biliary_readmission","early_completion","ow","Completed by day 3"
46,0.983965230860122,0.0115318432069834,0.00450292593289425,69761.4932915248,5.79288977024275,2.02521105983436,"Acute cholecystitis",3,"biliary_readmission","early_completion","ow","Completed by day 3"
47,0.983856139989325,0.0116162359274927,0.00452762408318273,69753.6751906947,5.9826325465978,1.75086141156424,"Acute cholecystitis",3,"biliary_readmission","early_completion","ow","Completed by day 3"
48,0.983693197200253,0.011747461994833,0.00455934080491395,69745.9416967365,9.30266658894381,2.24841065148145,"Acute cholecystitis",3,"biliary_readmission","early_completion","ow","Completed by day 3"
49,0.983548061338835,0.0118725316686679,0.00457940699249728,69734.3906194961,8.8662374759525,1.4224997866837,"Acute cholecystitis",3,"biliary_readmission","early_completion","ow","Completed by day 3"
50,0.983457904273065,0.0119411384828429,0.00460095724409183,69724.1018822335,4.86356355055738,1.52770565753632,"Acute cholecystitis",3,"biliary_readmission","early_completion","ow","Completed by day 3"
51,0.983399246783035,0.0119865504982468,0.00461420271871795,69717.7106130254,3.21927530860958,0.938976811212975,"Acute cholecystitis",3,"biliary_readmission","early_completion","ow","Completed by day 3"
52,0.983324613612356,0.0120135706585025,0.00466181572914205,69713.5523609055,1.91546959482435,3.3753046955437,"Acute cholecystitis",3,"biliary_readmission","early_completion","ow","Completed by day 3"
53,0.98323841586204,0.0120729123593326,0.0046886717786276,69708.2615866152,4.20675608766567,1.90383571895337,"Acute cholecystitis",3,"biliary_readmission","early_completion","ow","Completed by day 3"
54,0.983038078080551,0.0122015879606373,0.0047603339588123,69702.1509948086,9.1218630667737,5.08015962687155,"Acute cholecystitis",3,"biliary_readmission","early_completion","ow","Completed by day 3"
55,0.982932336832551,0.0122742349748655,0.00479342819258338,69687.9489721149,5.14997489252637,2.34606301193701,"Acute cholecystitis",3,"biliary_readmission","early_completion","ow","Completed by day 3"
56,0.982790714927713,0.0123796226546673,0.00482966241761936,69680.4529342105,7.47097331840718,2.56865820526655,"Acute cholecystitis",3,"biliary_readmission","early_completion","ow","Completed by day 3"
57,0.982689632301184,0.0124640780854086,0.00484628961340742,69670.4133026868,5.98707809915735,1.17870833029231,"Acute cholecystitis",3,"biliary_readmission","early_completion","ow","Completed by day 3"
58,0.982592739474462,0.0125329688237954,0.0048742917017429,69663.2475162573,4.883691047579,1.9850788555879,"Acute cholecystitis",3,"biliary_readmission","early_completion","ow","Completed by day 3"
59,0.982486821843068,0.0126051591199259,0.00490801903700594,69656.3787463542,5.11759797020915,2.39094382118467,"Acute cholecystitis",3,"biliary_readmission","early_completion","ow","Completed by day 3"
60,0.982406069386214,0.0126696660380214,0.00492426457576433,69648.8702045628,4.57292033424525,1.15165251607559,"Acute cholecystitis",3,"biliary_readmission","early_completion","ow","Completed by day 3"
61,0.982253699912774,0.0127735236932658,0.00497277639396022,69643.1456317125,7.36250928668641,3.43902152557567,"Acute cholecystitis",3,"biliary_readmission","early_completion","ow","Completed by day 3"
62,0.982172922412282,0.0128243949209369,0.00500268266678144,69632.3441009002,3.60628097439964,2.12006722911541,"Acute cholecystitis",3,"biliary_readmission","early_completion","ow","Completed by day 3"
63,0.98208854635752,0.0129034610736243,0.00500799256885603,69626.6177526967,5.60503009675787,0.376421008577429,"Acute cholecystitis",3,"biliary_readmission","early_completion","ow","Completed by day 3"
64,0.982013580936473,0.0129587568641876,0.00502766219933984,69620.6363015913,3.91993994644898,1.39438770076197,"Acute cholecystitis",3,"biliary_readmission","early_completion","ow","Completed by day 3"
65,0.981907678282328,0.0130193606149906,0.00507296110268187,69615.3219739441,4.29622329759816,3.21125675086319,"Acute cholecystitis",3,"biliary_readmission","early_completion","ow","Completed by day 3"
66,0.981797219462429,0.0131298194348896,0.00507296110268187,69607.8144938957,7.8304683982057,0,"Acute cholecystitis",3,"biliary_readmission","early_completion","ow","Completed by day 3"
67,0.981706865142573,0.0132054832817373,0.00508765157568986,69599.9840254975,5.36383932192474,1.04141330451397,"Acute cholecystitis",3,"biliary_readmission","early_completion","ow","Completed by day 3"
68,0.981627127111695,0.0132694971400242,0.00510337574828138,69593.578772871,4.53796713400761,1.11469266717195,"Acute cholecystitis",3,"biliary_readmission","early_completion","ow","Completed by day 3"
69,0.981517393747145,0.0133464723577272,0.00513613389512813,69587.9261130698,5.45680290825932,2.32223768008536,"Acute cholecystitis",3,"biliary_readmission","early_completion","ow","Completed by day 3"
70,0.981429041201849,0.0134145890632266,0.00515636973492436,69580.1470724815,4.8288195572838,1.43452649757032,"Acute cholecystitis",3,"biliary_readmission","early_completion","ow","Completed by day 3"
71,0.98136225673319,0.0134604661672593,0.00517727709955094,69573.8837264266,3.25224562111252,1.48213115211516,"Acute cholecystitis",3,"biliary_readmission","early_completion","ow","Completed by day 3"
72,0.981267747951257,0.0135257949853006,0.00520645706344215,69569.1493496534,4.63118513878756,2.06857890859068,"Acute cholecystitis",3,"biliary_readmission","early_completion","ow","Completed by day 3"
73,0.981235523780368,0.0135390370491292,0.00522543917050268,69562.449585606,0.938735018456016,1.34564889978614,"Acute cholecystitis",3,"biliary_readmission","early_completion","ow","Completed by day 3"
74,0.981147583627237,0.0136061308277266,0.00524628554503673,69560.1652016878,4.75630387418652,1.47780754090378,"Acute cholecystitis",3,"biliary_readmission","early_completion","ow","Completed by day 3"
75,0.981058570676046,0.0136641283696064,0.00527730095434805,69553.9310902727,4.11146814059648,2.19869434321073,"Acute cholecystitis",3,"biliary_readmission","early_completion","ow","Completed by day 3"
76,0.980997576427438,0.013686196326764,0.00531622724579761,69547.6209277889,1.56440600482656,2.75949983291309,"Acute cholecystitis",3,"biliary_readmission","early_completion","ow","Completed by day 3"
77,0.980940169663561,0.0137261785014468,0.00533365183499256,69543.2970219512,2.83435180306383,1.2352358568334,"Acute cholecystitis",3,"biliary_readmission","early_completion","ow","Completed by day 3"
78,0.980863681640312,0.0137812904384803,0.00535502792120769,69539.2274342913,3.90690649872168,1.51535900653224,"Acute cholecystitis",3,"biliary_readmission","early_completion","ow","Completed by day 3"
79,0.980789256861072,0.0138356037238657,0.00537513941506279,69533.805168786,3.85028977497939,1.42571156578592,"Acute cholecystitis",3,"biliary_readmission","early_completion","ow","Completed by day 3"
80,0.980712753918428,0.0138916156663679,0.00539563041520436,69528.5291674452,3.97070823394611,1.45261491298648,"Acute cholecystitis",3,"biliary_readmission","early_completion","ow","Completed by day 3"
81,0.980639277856739,0.0139204208632939,0.00544030127996749,69523.1058442983,2.04201153370616,3.16673485347762,"Acute cholecystitis",3,"biliary_readmission","early_completion","ow","Completed by day 3"
82,0.980521787665602,0.0139983011141339,0.00547991122026386,69517.8970979111,5.52096105684367,2.80796396366648,"Acute cholecystitis",3,"biliary_readmission","early_completion","ow","Completed by day 3"
83,0.980454568432369,0.0140264836635945,0.00551894790403686,69509.5681728906,1.99787181443065,2.76732558735178,"Acute cholecystitis",3,"biliary_readmission","early_completion","ow","Completed by day 3"
84,0.980379090958957,0.0140871181476611,0.00553379089338241,69504.8029754888,4.29840199052886,1.05222524658005,"Acute cholecystitis",3,"biliary_readmission","early_completion","ow","Completed by day 3"
85,0.980310019481126,0.0141522146580332,0.00553776586084119,69499.4523482517,4.61471675841132,0.281786978154652,"Acute cholecystitis",3,"biliary_readmission","early_completion","ow","Completed by day 3"
86,0.980203669977895,0.0142335745364951,0.00556275548561021,69494.5558445152,5.76763320267174,1.7715241500473,"Acute cholecystitis",3,"biliary_readmission","early_completion","ow","Completed by day 3"
87,0.980101336897941,0.0143017256295891,0.00559693747247028,69487.0166871624,4.83125730714299,2.42317424846972,"Acute cholecystitis",3,"biliary_readmission","early_completion","ow","Completed by day 3"
88,0.980014439481078,0.0143469111338366,0.0056386493850851,69479.7622556068,3.20321784526123,2.9569735930342,"Acute cholecystitis",3,"biliary_readmission","early_completion","ow","Completed by day 3"
89,0.979943802382326,0.0143834239257733,0.00567277369190096,69473.6020641685,2.58840592043258,2.41908528786147,"Acute cholecystitis",3,"biliary_readmission","early_completion","ow","Completed by day 3"
90,0.979857919665047,0.0144362165171731,0.00570586381778042,69468.5945729602,3.74248719110087,2.34577180191329,"Acute cholecystitis",3,"biliary_readmission","early_completion","ow","Completed by day 3"
0,1,0,0,50619.7289793223,0,0,"Choledocholithiasis",3,"biliary_readmission","not_early_completion","ow","Not completed by day 3"
1,0.997078428129765,0.00261255234822998,0.000309019522005065,50619.7289793223,132.246691811693,15.6424844532161,"Choledocholithiasis",3,"biliary_readmission","not_early_completion","ow","Not completed by day 3"
2,0.99404841325715,0.0052286676790453,0.000722919063804379,50471.8398030574,132.427049024522,20.9514826305469,"Choledocholithiasis",3,"biliary_readmission","not_early_completion","ow","Not completed by day 3"
3,0.990743442645018,0.00810475440961559,0.0011518029453661,50318.4612714023,145.586730822493,21.7099858482542,"Choledocholithiasis",3,"biliary_readmission","not_early_completion","ow","Not completed by day 3"
4,0.987609257077677,0.0107099838769369,0.00168075904538628,50151.1645547315,131.876009564749,26.7756144249808,"Choledocholithiasis",3,"biliary_readmission","not_early_completion","ow","Not completed by day 3"
5,0.984827902161321,0.0128753766927396,0.00229672114593906,49992.5129307418,109.611597469704,31.1798345915157,"Choledocholithiasis",3,"biliary_readmission","not_early_completion","ow","Not completed by day 3"
6,0.981822747900537,0.0154327875950025,0.0027444645044612,49851.7214986806,129.455446761312,22.6646474606824,"Choledocholithiasis",3,"biliary_readmission","not_early_completion","ow","Not completed by day 3"
7,0.979106093678627,0.0178034720404668,0.00309043428090629,49699.6014044586,120.003404124897,17.512896318687,"Choledocholithiasis",3,"biliary_readmission","not_early_completion","ow","Not completed by day 3"
8,0.976760684697292,0.0198398719771444,0.00339944332556333,49562.085104015,103.082012888131,15.6419540926986,"Choledocholithiasis",3,"biliary_readmission","not_early_completion","ow","Not completed by day 3"
9,0.974655953181406,0.0216228363209269,0.00372121049766729,49443.3611370342,90.2531718620636,16.2877670463456,"Choledocholithiasis",3,"biliary_readmission","not_early_completion","ow","Not completed by day 3"
10,0.972432998563034,0.0234613401959504,0.00410566124101566,49336.8201981258,93.0645678811231,19.4607924341932,"Choledocholithiasis",3,"biliary_readmission","not_early_completion","ow","Not completed by day 3"
11,0.970700161114287,0.0249319218001059,0.0043679170856078,49224.2948378105,74.4404422443273,13.2753197764976,"Choledocholithiasis",3,"biliary_readmission","not_early_completion","ow","Not completed by day 3"
12,0.968719618229711,0.0265575997016229,0.00472278206866653,49136.5790757896,82.2913747824666,17.9631692666845,"Choledocholithiasis",3,"biliary_readmission","not_early_completion","ow","Not completed by day 3"
13,0.967065988050327,0.0278006483357208,0.00513336361395292,49036.3245317405,62.9227849661525,20.7835265463084,"Choledocholithiasis",3,"biliary_readmission","not_early_completion","ow","Not completed by day 3"
14,0.965257678710711,0.029513125110165,0.00522919617912424,48952.618220228,86.6851102057458,4.85101847636534,"Choledocholithiasis",3,"biliary_readmission","not_early_completion","ow","Not completed by day 3"
15,0.9637434434345,0.0308670385158738,0.00538951804962682,48861.0820915459,68.5347296584496,8.11544963429865,"Choledocholithiasis",3,"biliary_readmission","not_early_completion","ow","Not completed by day 3"
16,0.962002131979356,0.0323913902486179,0.0056064777720259,48784.4319122532,77.1622715806707,10.9824423472705,"Choledocholithiasis",3,"biliary_readmission","not_early_completion","ow","Not completed by day 3"
17,0.960776434361559,0.0333643986101618,0.00585916702827994,48696.2871983252,49.2534195559655,12.7910616675658,"Choledocholithiasis",3,"biliary_readmission","not_early_completion","ow","Not completed by day 3"
18,0.959408035883074,0.0345600232312476,0.00603194088567885,48634.2427171017,60.5221942803678,8.74576583624515,"Choledocholithiasis",3,"biliary_readmission","not_early_completion","ow","Not completed by day 3"
19,0.957926789020583,0.0359303982173987,0.0061428127620181,48564.9747569851,69.3680103990128,5.61230433172167,"Choledocholithiasis",3,"biliary_readmission","not_early_completion","ow","Not completed by day 3"
20,0.956771683329251,0.0369197571657504,0.00630855950499819,48489.9944422543,50.0810818288302,8.39005520885756,"Choledocholithiasis",3,"biliary_readmission","not_early_completion","ow","Not completed by day 3"
21,0.955263360851918,0.0383024685248936,0.00643417062318857,48431.5233052167,69.992474256459,6.35840075958693,"Choledocholithiasis",3,"biliary_readmission","not_early_completion","ow","Not completed by day 3"
22,0.954311446364288,0.0391271897186596,0.0065613639170528,48355.1724302006,41.747163311939,6.43849006339416,"Choledocholithiasis",3,"biliary_readmission","not_early_completion","ow","Not completed by day 3"
23,0.953088747613911,0.0400933600373804,0.00681789234870873,48306.9867768253,48.9072796815121,12.9853996859139,"Choledocholithiasis",3,"biliary_readmission","not_early_completion","ow","Not completed by day 3"
24,0.95180257334148,0.0411866928585437,0.00701073379997694,48245.0940974578,55.3442110914803,9.76158199917604,"Choledocholithiasis",3,"biliary_readmission","not_early_completion","ow","Not completed by day 3"
25,0.950942460520796,0.0419701192659369,0.00708742021326758,48179.9883043672,39.6568324174893,3.88184545716857,"Choledocholithiasis",3,"biliary_readmission","not_early_completion","ow","Not completed by day 3"
26,0.949757603082913,0.0430643491634825,0.00717804775360498,48136.4496264925,55.3896208548294,4.58754152994176,"Choledocholithiasis",3,"biliary_readmission","not_early_completion","ow","Not completed by day 3"
27,0.948507043394505,0.0441666684713618,0.00732628813413353,48076.4724641078,55.7991046135234,7.50388788614695,"Choledocholithiasis",3,"biliary_readmission","not_early_completion","ow","Not completed by day 3"
28,0.94764102100116,0.045020537541217,0.00733844145762329,48013.1694716081,43.222620899896,0.615197941249467,"Choledocholithiasis",3,"biliary_readmission","not_early_completion","ow","Not completed by day 3"
29,0.946542284394615,0.0460118266913006,0.00744588891408503,47969.3316527669,50.1787881173744,5.43896112561078,"Choledocholithiasis",3,"biliary_readmission","not_early_completion","ow","Not completed by day 3"
30,0.945241936283792,0.0472029398644101,0.00755512385179854,47913.713903524,60.2938260065073,5.52944294213108,"Choledocholithiasis",3,"biliary_readmission","not_early_completion","ow","Not completed by day 3"
31,0.944191764460828,0.0480902806951189,0.0077179548440532,47847.8906345753,44.9169523627641,8.24246069736525,"Choledocholithiasis",3,"biliary_readmission","not_early_completion","ow","Not completed by day 3"
32,0.943430664880768,0.0487644702210548,0.00780486489817747,47794.7312215152,34.1272910835711,4.39936338534858,"Choledocholithiasis",3,"biliary_readmission","not_early_completion","ow","Not completed by day 3"
33,0.942864483471987,0.0492270862212258,0.00790843030678775,47756.2045670463,23.4174965501573,5.24245291548526,"Choledocholithiasis",3,"biliary_readmission","not_early_completion","ow","Not completed by day 3"
34,0.941941983075638,0.0500529605993823,0.00800505632498026,47727.5446175806,41.8055371932455,4.89118285325591,"Choledocholithiasis",3,"biliary_readmission","not_early_completion","ow","Not completed by day 3"
35,0.941131719405785,0.0508068766022009,0.00806140399201394,47680.8478975341,38.1630237358517,2.85230363386193,"Choledocholithiasis",3,"biliary_readmission","not_early_completion","ow","Not completed by day 3"
36,0.940490682691085,0.0513569413694441,0.00815237593947108,47639.8325701644,27.8441294389254,4.60497532500116,"Choledocholithiasis",3,"biliary_readmission","not_early_completion","ow","Not completed by day 3"
37,0.939953497747989,0.0518369258288807,0.00820957642313014,47607.3834654005,24.2966832509658,2.89547298030801,"Choledocholithiasis",3,"biliary_readmission","not_early_completion","ow","Not completed by day 3"
38,0.939297064232808,0.0524564978884746,0.008246437878717,47580.1913091692,31.3625697398065,1.86591689158987,"Choledocholithiasis",3,"biliary_readmission","not_early_completion","ow","Not completed by day 3"
39,0.938634350805701,0.0530071568636554,0.00835849233064351,47546.9628225378,27.8742080836848,5.67216598744701,"Choledocholithiasis",3,"biliary_readmission","not_early_completion","ow","Not completed by day 3"
40,0.938043658816009,0.0535510593068583,0.00840528187713308,47513.4164484667,27.5321942661182,2.36847416236705,"Choledocholithiasis",3,"biliary_readmission","not_early_completion","ow","Not completed by day 3"
41,0.937590666375456,0.0539636448506193,0.0084456887739246,47483.5157800382,20.8849684059721,2.0453861644823,"Choledocholithiasis",3,"biliary_readmission","not_early_completion","ow","Not completed by day 3"
42,0.936975708837768,0.054563277140955,0.00846101402127745,47460.5854254677,30.3532240240389,0.775759867542428,"Choledocholithiasis",3,"biliary_readmission","not_early_completion","ow","Not completed by day 3"
43,0.936391907668409,0.0550621108288454,0.00854598150274607,47429.4564415762,25.2508260867692,4.3010308839972,"Choledocholithiasis",3,"biliary_readmission","not_early_completion","ow","Not completed by day 3"
44,0.935821189771968,0.0556045685355884,0.00857424169244361,47399.9045846054,27.4590620980769,1.43052314339352,"Choledocholithiasis",3,"biliary_readmission","not_early_completion","ow","Not completed by day 3"
45,0.934912460994064,0.0564247096503473,0.00866282935558852,47371.0149993639,41.515320953894,4.48428349930698,"Choledocholithiasis",3,"biliary_readmission","not_early_completion","ow","Not completed by day 3"
46,0.933964055289574,0.0573083237433552,0.00872762096707113,47325.0153949107,44.7283059103718,3.27973381338319,"Choledocholithiasis",3,"biliary_readmission","not_early_completion","ow","Not completed by day 3"
47,0.933329510693011,0.0579040262782884,0.00876646302870005,47277.007355187,30.1543008706131,1.96617463265368,"Choledocholithiasis",3,"biliary_readmission","not_early_completion","ow","Not completed by day 3"
48,0.932670487995101,0.0585152719076544,0.00881424009724437,47244.8868796837,30.9410880982998,2.41846226114013,"Choledocholithiasis",3,"biliary_readmission","not_early_completion","ow","Not completed by day 3"
49,0.93197379245859,0.0590939111877314,0.00893229635367872,47211.5273293243,29.2905635342862,5.97597570502042,"Choledocholithiasis",3,"biliary_readmission","not_early_completion","ow","Not completed by day 3"
50,0.931448282381757,0.0595244946680513,0.00902722295019155,47176.260790085,21.7960190767678,4.80515858840879,"Choledocholithiasis",3,"biliary_readmission","not_early_completion","ow","Not completed by day 3"
51,0.930902938747001,0.0599924856234131,0.00910457562958565,47149.6596124198,23.6895753251901,3.91557166675381,"Choledocholithiasis",3,"biliary_readmission","not_early_completion","ow","Not completed by day 3"
52,0.930257530255957,0.0605237545202871,0.00921871522375533,47122.0544654278,26.8926875749029,5.77771532267911,"Choledocholithiasis",3,"biliary_readmission","not_early_completion","ow","Not completed by day 3"
53,0.929719034803957,0.0610622499722874,0.00921871522375533,47089.3840625303,27.2584938368536,0,"Choledocholithiasis",3,"biliary_readmission","not_early_completion","ow","Not completed by day 3"
54,0.929202124698332,0.0615491590131961,0.00924871628847197,47062.1255686934,24.6472036883828,1.51864576504733,"Choledocholithiasis",3,"biliary_readmission","not_early_completion","ow","Not completed by day 3"
55,0.928587711920423,0.0621276960741439,0.00928459200543328,47035.95971924,29.2853892296702,1.81601906952024,"Choledocholithiasis",3,"biliary_readmission","not_early_completion","ow","Not completed by day 3"
56,0.928084694290558,0.0625595669398964,0.00935573876954566,47004.8583109408,21.8611861784573,3.60142991712442,"Choledocholithiasis",3,"biliary_readmission","not_early_completion","ow","Not completed by day 3"
57,0.927405607369995,0.0631760361866137,0.009418356443391,46979.3956948452,31.2055061929153,3.16968967936666,"Choledocholithiasis",3,"biliary_readmission","not_early_completion","ow","Not completed by day 3"
58,0.92700212096115,0.0635498872354269,0.00944799180342309,46945.0204989729,18.924238769561,1.50013389302931,"Choledocholithiasis",3,"biliary_readmission","not_early_completion","ow","Not completed by day 3"
59,0.926612975287767,0.0639222619633114,0.00946476274892105,46924.5961263103,18.849507804263,0.848940715833831,"Choledocholithiasis",3,"biliary_readmission","not_early_completion","ow","Not completed by day 3"
60,0.926070334114706,0.06435061520026,0.00957905068503326,46904.8976777902,21.6831247617548,5.78522435160591,"Choledocholithiasis",3,"biliary_readmission","not_early_completion","ow","Not completed by day 3"
61,0.925456469239797,0.0649257167567953,0.00961781400340775,46877.4293286769,29.1114849274041,1.9621886704561,"Choledocholithiasis",3,"biliary_readmission","not_early_completion","ow","Not completed by day 3"
62,0.924933015730219,0.0653568678696692,0.00971011640011168,46846.355655079,21.8247524828062,4.67232230529477,"Choledocholithiasis",3,"biliary_readmission","not_early_completion","ow","Not completed by day 3"
63,0.924568374215479,0.065647080990064,0.00978454479445688,46819.8585802909,14.6905095006316,3.76754515012027,"Choledocholithiasis",3,"biliary_readmission","not_early_completion","ow","Not completed by day 3"
64,0.92401717731443,0.0661327828755774,0.009850039809992,46801.4005256402,24.5860978094341,3.31533993588401,"Choledocholithiasis",3,"biliary_readmission","not_early_completion","ow","Not completed by day 3"
65,0.923504234680122,0.066586304548687,0.00990946077119109,46773.4990878948,22.9571441790557,3.007872951589,"Choledocholithiasis",3,"biliary_readmission","not_early_completion","ow","Not completed by day 3"
66,0.922953773778727,0.0670626478210987,0.00998357840017418,46747.5340707642,24.1123673506051,3.75181429171373,"Choledocholithiasis",3,"biliary_readmission","not_early_completion","ow","Not completed by day 3"
67,0.922565353300015,0.0674127366016002,0.0100219100983842,46719.6698891219,17.7213991876838,1.94034017470813,"Choledocholithiasis",3,"biliary_readmission","not_early_completion","ow","Not completed by day 3"
68,0.922172373265488,0.0678057166361271,0.0100219100983842,46700.0081497595,19.8925428420399,0,"Choledocholithiasis",3,"biliary_readmission","not_early_completion","ow","Not completed by day 3"
69,0.921570293380046,0.0683795289229807,0.0100501776969732,46680.1156069174,29.0462224455332,1.43089817947283,"Choledocholithiasis",3,"biliary_readmission","not_early_completion","ow","Not completed by day 3"
70,0.920976542763201,0.0689482698453908,0.0100751873914077,46649.6384862924,28.7895113518481,1.26598395412912,"Choledocholithiasis",3,"biliary_readmission","not_early_completion","ow","Not completed by day 3"
71,0.920644427039571,0.0692492479699394,0.0101063249904893,46619.5829909865,15.2354310933547,1.57617682657722,"Choledocholithiasis",3,"biliary_readmission","not_early_completion","ow","Not completed by day 3"
72,0.920219913231865,0.0696737617776453,0.0101063249904893,46602.7713830665,21.4887738940558,0,"Choledocholithiasis",3,"biliary_readmission","not_early_completion","ow","Not completed by day 3"
73,0.919762156708668,0.0701156611832593,0.0101221821080729,46581.2826091725,22.3688281482996,0.802682994473788,"Choledocholithiasis",3,"biliary_readmission","not_early_completion","ow","Not completed by day 3"
74,0.919399248105655,0.070376106592192,0.0102246453021532,46558.1110980297,13.1836760140821,5.18665911470403,"Choledocholithiasis",3,"biliary_readmission","not_early_completion","ow","Not completed by day 3"
75,0.91906885555942,0.0706701811846619,0.010260963255918,46539.7407629009,14.8859761705323,1.83840497665482,"Choledocholithiasis",3,"biliary_readmission","not_early_completion","ow","Not completed by day 3"
76,0.918666167218878,0.0709703734561323,0.0103634593249895,46523.0163817537,15.1956514235205,5.18832323784455,"Choledocholithiasis",3,"biliary_readmission","not_early_completion","ow","Not completed by day 3"
77,0.918341249559312,0.0712494809923794,0.0104092694483081,46502.6324070924,14.1283478409119,2.31889602689653,"Choledocholithiasis",3,"biliary_readmission","not_early_completion","ow","Not completed by day 3"
78,0.917953540213332,0.0716176849746686,0.010428774811999,46486.1851632246,18.6383857925898,0.98735622367687,"Choledocholithiasis",3,"biliary_readmission","not_early_completion","ow","Not completed by day 3"
79,0.917659464817623,0.0718488748910611,0.0104916602913163,46466.5594212083,11.7027709105396,3.18324591977824,"Choledocholithiasis",3,"biliary_readmission","not_early_completion","ow","Not completed by day 3"
80,0.917182545899043,0.0722729125777529,0.0105445415232045,46451.673404378,21.4646727773579,2.67683362627297,"Choledocholithiasis",3,"biliary_readmission","not_early_completion","ow","Not completed by day 3"
81,0.916797375135508,0.0725860241291342,0.0106166007353575,46427.5318979743,15.8496218712169,3.64761778964622,"Choledocholithiasis",3,"biliary_readmission","not_early_completion","ow","Not completed by day 3"
82,0.91644821270726,0.0728926967600208,0.0106590905327192,46408.0346583135,15.5236854608546,2.15082202683956,"Choledocholithiasis",3,"biliary_readmission","not_early_completion","ow","Not completed by day 3"
83,0.916011828713789,0.0733024942482803,0.0106856770379307,46390.3601508258,20.7438377921028,1.3458016883105,"Choledocholithiasis",3,"biliary_readmission","not_early_completion","ow","Not completed by day 3"
84,0.915711332393628,0.073586146208142,0.0107025213982304,46368.2705113454,14.3583853326515,0.852656953204281,"Choledocholithiasis",3,"biliary_readmission","not_early_completion","ow","Not completed by day 3"
85,0.915367537437565,0.0738832653516972,0.0107491972107377,46353.0594690595,15.0400905213328,2.36271697900739,"Choledocholithiasis",3,"biliary_readmission","not_early_completion","ow","Not completed by day 3"
86,0.915009582962079,0.0741657715595793,0.0108246454783415,46335.6566615592,14.3003876779676,3.81917085806124,"Choledocholithiasis",3,"biliary_readmission","not_early_completion","ow","Not completed by day 3"
87,0.91472497234031,0.074381392355182,0.0108936353045076,46317.5371030231,10.9146662357176,3.49224630285869,"Choledocholithiasis",3,"biliary_readmission","not_early_completion","ow","Not completed by day 3"
88,0.914471749692436,0.0746058418594389,0.0109224084481251,46303.1301904846,11.3615730750279,1.45648873180311,"Choledocholithiasis",3,"biliary_readmission","not_early_completion","ow","Not completed by day 3"
89,0.91413780642776,0.0749142521756529,0.0109479413965868,46290.3121286777,15.6116466211788,1.29247093117646,"Choledocholithiasis",3,"biliary_readmission","not_early_completion","ow","Not completed by day 3"
90,0.913744653393504,0.0752417036743836,0.0110136429321122,46273.4080111254,16.5755061196188,3.32579392181955,"Choledocholithiasis",3,"biliary_readmission","not_early_completion","ow","Not completed by day 3"
0,1,0,0,50619.7289654126,0,0,"Choledocholithiasis",3,"biliary_readmission","early_completion","ow","Completed by day 3"
1,0.998642989279993,0.00106871534095855,0.000288295379048278,50619.7289654126,54.0980809005001,14.5934339494047,"Choledocholithiasis",3,"biliary_readmission","early_completion","ow","Completed by day 3"
2,0.996799981445749,0.00263702284151449,0.000562995712736137,50551.0374505627,79.3873006125658,13.9052564379878,"Choledocholithiasis",3,"biliary_readmission","early_completion","ow","Completed by day 3"
3,0.99524297330303,0.00384620126324166,0.000910825433728117,50457.7448935121,61.2082839786547,17.6070462027291,"Choledocholithiasis",3,"biliary_readmission","early_completion","ow","Completed by day 3"
4,0.993782243620883,0.00518357001369085,0.00103418636542652,50378.9295633308,67.6972436745501,6.24449692749399,"Choledocholithiasis",3,"biliary_readmission","early_completion","ow","Completed by day 3"
5,0.992320845277718,0.00650740022253285,0.0011717544997493,50304.9878227287,67.0119263678076,6.96366167369654,"Choledocholithiasis",3,"biliary_readmission","early_completion","ow","Completed by day 3"
6,0.991066349199404,0.00760348114293547,0.00133016965766066,50231.0122346872,55.4833191149408,8.01893235748604,"Choledocholithiasis",3,"biliary_readmission","early_completion","ow","Completed by day 3"
7,0.990001498080392,0.00849174725433047,0.00150675466527744,50167.5099832148,44.9637898079758,8.93868522491655,"Choledocholithiasis",3,"biliary_readmission","early_completion","ow","Completed by day 3"
8,0.988742398180824,0.009547292653049,0.00171030916612733,50113.6075081819,53.4314219938206,10.3038736627113,"Choledocholithiasis",3,"biliary_readmission","early_completion","ow","Completed by day 3"
9,0.987713909550622,0.0104190244886786,0.00186706596069949,50049.8722125254,44.1268292500936,7.93498645473002,"Choledocholithiasis",3,"biliary_readmission","early_completion","ow","Completed by day 3"
10,0.986578522856561,0.0114095411270106,0.00201193601642835,49997.8103968206,50.1396837680969,7.33328295619881,"Choledocholithiasis",3,"biliary_readmission","early_completion","ow","Completed by day 3"
11,0.985419453831682,0.012434492143917,0.00214605402440109,49940.3374300962,51.8827426786271,6.78901721296132,"Choledocholithiasis",3,"biliary_readmission","early_completion","ow","Completed by day 3"
12,0.984274209121463,0.0134119951583856,0.00231379572015183,49881.6656702047,49.4809376552712,8.49103917510124,"Choledocholithiasis",3,"biliary_readmission","early_completion","ow","Completed by day 3"
13,0.983318270241544,0.0142464211640212,0.00243530859443475,49823.6936933743,42.2384182469648,6.15094876200968,"Choledocholithiasis",3,"biliary_readmission","early_completion","ow","Completed by day 3"
14,0.982341136643118,0.0150917103915146,0.00256715296536797,49775.3043263653,42.7883115931009,6.67392632225458,"Choledocholithiasis",3,"biliary_readmission","early_completion","ow","Completed by day 3"
15,0.981503700885767,0.0158364752883637,0.00265982382586975,49725.84208845,37.6997972214556,4.69097384159155,"Choledocholithiasis",3,"biliary_readmission","early_completion","ow","Completed by day 3"
16,0.980766647090734,0.0164875470213207,0.00274580588794527,49683.4513173869,32.9570746593227,4.35238867815047,"Choledocholithiasis",3,"biliary_readmission","early_completion","ow","Completed by day 3"
17,0.979927093763981,0.017266945055535,0.00280596118048438,49646.1418540494,39.4529172481028,3.04504460416474,"Choledocholithiasis",3,"biliary_readmission","early_completion","ow","Completed by day 3"
18,0.979069656495354,0.0180479272414695,0.00288241626317678,49603.6438921972,39.5331065788194,3.87013556391771,"Choledocholithiasis",3,"biliary_readmission","early_completion","ow","Completed by day 3"
19,0.978458305044684,0.0186040111725559,0.00293768378275993,49560.2406500544,28.1488178736184,2.7976268618895,"Choledocholithiasis",3,"biliary_readmission","early_completion","ow","Completed by day 3"
20,0.977777770675436,0.0192004887768274,0.00302174054773638,49529.2942053189,30.1935346621607,4.25493066081713,"Choledocholithiasis",3,"biliary_readmission","early_completion","ow","Completed by day 3"
21,0.97702956622235,0.0198585489922971,0.00311188478535354,49494.845739996,33.3108297499974,4.56307687597468,"Choledocholithiasis",3,"biliary_readmission","early_completion","ow","Completed by day 3"
22,0.97644350341926,0.0204037186859875,0.00315277789475251,49456.97183337,27.5963421347631,2.06999811432885,"Choledocholithiasis",3,"biliary_readmission","early_completion","ow","Completed by day 3"
23,0.975840992233929,0.0209635177854999,0.0031954899805716,49427.3054931209,28.3368786923993,2.16207420770971,"Choledocholithiasis",3,"biliary_readmission","early_completion","ow","Completed by day 3"
24,0.975225421337628,0.0214959037721575,0.00327867489021438,49396.8065402208,26.9492343495919,4.21079758012953,"Choledocholithiasis",3,"biliary_readmission","early_completion","ow","Completed by day 3"
25,0.974602723125016,0.0220844066289622,0.00331287024602228,49365.6465082911,29.7898551068282,1.7309596428718,"Choledocholithiasis",3,"biliary_readmission","early_completion","ow","Completed by day 3"
26,0.973908954470668,0.02276050484126,0.00333054068807223,49334.1256935414,34.223908260513,0.894472987267548,"Choledocholithiasis",3,"biliary_readmission","early_completion","ow","Completed by day 3"
27,0.973239175672066,0.0233436357080167,0.00341718861991716,49299.0073122936,29.5179264265911,4.38609482540385,"Choledocholithiasis",3,"biliary_readmission","early_completion","ow","Completed by day 3"
28,0.97275926208982,0.0238091743714853,0.00343156353869469,49265.1032910416,23.5654409676995,0.727654492418275,"Choledocholithiasis",3,"biliary_readmission","early_completion","ow","Completed by day 3"
29,0.972214517495556,0.0243208809715378,0.00346460153290607,49240.8101955815,25.9024494044726,1.672374312541,"Choledocholithiasis",3,"biliary_readmission","early_completion","ow","Completed by day 3"
30,0.971555827597374,0.0249165337530578,0.00352763864956849,49213.2353718645,30.1517823580333,3.19092176021302,"Choledocholithiasis",3,"biliary_readmission","early_completion","ow","Completed by day 3"
31,0.971063337692024,0.0253969844596083,0.003539677848368,49179.8926677462,24.3202845468292,0.609420980192064,"Choledocholithiasis",3,"biliary_readmission","early_completion","ow","Completed by day 3"
32,0.970410877026731,0.0260494451249015,0.003539677848368,49154.9629622192,33.0273820377353,0,"Choledocholithiasis",3,"biliary_readmission","early_completion","ow","Completed by day 3"
33,0.969809718458776,0.0265543572111037,0.00363592433012032,49121.9355801814,25.5585129549172,4.87197082017689,"Choledocholithiasis",3,"biliary_readmission","early_completion","ow","Completed by day 3"
34,0.969291178921987,0.0270728967478929,0.00363592433012032,49091.5050964063,26.2483308101178,0,"Choledocholithiasis",3,"biliary_readmission","early_completion","ow","Completed by day 3"
35,0.968670092903513,0.0276939827663673,0.00363592433012032,49065.2567655962,31.4392059193791,0,"Choledocholithiasis",3,"biliary_readmission","early_completion","ow","Completed by day 3"
36,0.968108182343055,0.0281681577627265,0.00372365989421877,49033.8175596769,24.0026097978806,4.44115047529093,"Choledocholithiasis",3,"biliary_readmission","early_completion","ow","Completed by day 3"
37,0.967582213768261,0.0286495025079751,0.00376828372376434,49005.3737994037,24.3655405434118,2.25884615699567,"Choledocholithiasis",3,"biliary_readmission","early_completion","ow","Completed by day 3"
38,0.966869365150714,0.0292774418657267,0.00385319298355908,48978.7494127033,31.7861200961017,4.29808371746354,"Choledocholithiasis",3,"biliary_readmission","early_completion","ow","Completed by day 3"
39,0.96645529734495,0.0295981390873855,0.00394656356766463,48942.6652088897,16.2336064403262,4.72639366076519,"Choledocholithiasis",3,"biliary_readmission","early_completion","ow","Completed by day 3"
40,0.965915739636017,0.0301228817578044,0.00396137860617831,48921.7052087886,26.5623317531937,0.749933234174517,"Choledocholithiasis",3,"biliary_readmission","early_completion","ow","Completed by day 3"
41,0.965451837814644,0.0305265180613858,0.00402164412397034,48894.3929438012,20.4319602878883,3.05062417659271,"Choledocholithiasis",3,"biliary_readmission","early_completion","ow","Completed by day 3"
42,0.965129034619082,0.030765369855553,0.00410559552536466,48870.9103593368,12.0906130836492,4.24959718484721,"Choledocholithiasis",3,"biliary_readmission","early_completion","ow","Completed by day 3"
43,0.964626391139286,0.0312396462450858,0.00413396261562828,48854.5701490683,24.0077422928417,1.43593442068165,"Choledocholithiasis",3,"biliary_readmission","early_completion","ow","Completed by day 3"
44,0.964186706326617,0.0316398347848925,0.004173458888491,48829.1264723547,20.2574354200799,1.99929062745511,"Choledocholithiasis",3,"biliary_readmission","early_completion","ow","Completed by day 3"
45,0.963651497651203,0.0321031212006874,0.00424538114810957,48806.8697463072,23.4514328008988,3.64068528847203,"Choledocholithiasis",3,"biliary_readmission","early_completion","ow","Completed by day 3"
46,0.963306344533122,0.0324482743187688,0.00424538114810957,48779.7776282178,17.4715572888451,0,"Choledocholithiasis",3,"biliary_readmission","early_completion","ow","Completed by day 3"
47,0.962895330960852,0.032811749333095,0.00429291970605327,48762.306070929,18.3990067108896,2.4063889185168,"Choledocholithiasis",3,"biliary_readmission","early_completion","ow","Completed by day 3"
48,0.962528866897171,0.0331242700015534,0.00434686310127573,48741.5006752996,15.8197115334549,2.73060004563494,"Choledocholithiasis",3,"biliary_readmission","early_completion","ow","Completed by day 3"
49,0.962299809142637,0.033353327756087,0.00434686310127573,48722.9503637205,11.5948414519191,0,"Choledocholithiasis",3,"biliary_readmission","early_completion","ow","Completed by day 3"
50,0.961807712023341,0.033796177184965,0.0043961107916939,48711.3555222686,22.4169180622934,2.49290474114035,"Choledocholithiasis",3,"biliary_readmission","early_completion","ow","Completed by day 3"
51,0.961298008300358,0.0342511183038218,0.00445087339582006,48686.4456994652,23.0289961317484,2.77206817830626,"Choledocholithiasis",3,"biliary_readmission","early_completion","ow","Completed by day 3"
52,0.960927791686405,0.034588450801987,0.00448375751160786,48660.6446351551,17.0756796283503,1.66458502844553,"Choledocholithiasis",3,"biliary_readmission","early_completion","ow","Completed by day 3"
53,0.960540568743148,0.0349527716776877,0.0045066595791645,48641.9043704983,18.4418239844123,1.15929645246496,"Choledocholithiasis",3,"biliary_readmission","early_completion","ow","Completed by day 3"
54,0.960124155305111,0.0353274954825833,0.00454834921230635,48622.3032500614,18.968417440701,2.11031793030757,"Choledocholithiasis",3,"biliary_readmission","early_completion","ow","Completed by day 3"
55,0.959770059328139,0.0356815914595549,0.00454834921230635,48601.2245146904,17.9242423820478,0,"Choledocholithiasis",3,"biliary_readmission","early_completion","ow","Completed by day 3"
56,0.959354343348808,0.0360296407537563,0.00461601589743568,48583.3002723084,17.618160939076,3.42526926123489,"Choledocholithiasis",3,"biliary_readmission","early_completion","ow","Completed by day 3"
57,0.95894915861506,0.0364016262615499,0.00464921512339045,48562.2568421081,18.8298055835716,1.68053581969195,"Choledocholithiasis",3,"biliary_readmission","early_completion","ow","Completed by day 3"
58,0.958581488072289,0.0367517430339087,0.00466676889380196,48541.7465007048,17.7228161230492,0.88856710055176,"Choledocholithiasis",3,"biliary_readmission","early_completion","ow","Completed by day 3"
59,0.958194500911491,0.0371224254423409,0.00468307364616839,48523.1351174812,18.7638430470866,0.825342145636936,"Choledocholithiasis",3,"biliary_readmission","early_completion","ow","Completed by day 3"
60,0.957779832911551,0.0374978653181228,0.00472230177032657,48503.5459322885,19.004664754885,1.98571701270866,"Choledocholithiasis",3,"biliary_readmission","early_completion","ow","Completed by day 3"
61,0.957300621747711,0.0379478277110195,0.0047515505412689,48482.5555505209,22.776974373061,1.48056485767216,"Choledocholithiasis",3,"biliary_readmission","early_completion","ow","Completed by day 3"
62,0.95699939923757,0.0382351549990742,0.00476544576335541,48458.2980112901,14.5444294456965,0.703372375932922,"Choledocholithiasis",3,"biliary_readmission","early_completion","ow","Completed by day 3"
63,0.956608745187197,0.0385960756365048,0.00479517917629793,48443.0502094685,18.2697048447605,1.50509730436727,"Choledocholithiasis",3,"biliary_readmission","early_completion","ow","Completed by day 3"
64,0.956316455848887,0.0388576128720104,0.00482593127910306,48423.2754073194,13.2389439756581,1.5566631091122,"Choledocholithiasis",3,"biliary_readmission","early_completion","ow","Completed by day 3"
65,0.955984965304004,0.0391294887583233,0.00488554593767294,48408.4798002346,13.7622836773865,3.01767785917277,"Choledocholithiasis",3,"biliary_readmission","early_completion","ow","Completed by day 3"
66,0.955710391262763,0.0393710718276445,0.00491853690959228,48391.6998386981,12.2288694916721,1.66999405686258,"Choledocholithiasis",3,"biliary_readmission","early_completion","ow","Completed by day 3"
67,0.955335688486953,0.0397072811603909,0.00495703035265634,48377.8009751495,17.0188252992671,1.94852765484819,"Choledocholithiasis",3,"biliary_readmission","early_completion","ow","Completed by day 3"
68,0.954948884817896,0.0400476710321791,0.00500344414992507,48358.8336221954,17.2304430524881,2.34945383799893,"Choledocholithiasis",3,"biliary_readmission","early_completion","ow","Completed by day 3"
69,0.954687991958607,0.0402967750387029,0.00501523300269001,48339.2537253049,12.6095772944366,0.596748531774451,"Choledocholithiasis",3,"biliary_readmission","early_completion","ow","Completed by day 3"
70,0.954413195153323,0.0405134349393967,0.00507336990728047,48326.0473994787,10.9672654507916,2.94287435325713,"Choledocholithiasis",3,"biliary_readmission","early_completion","ow","Completed by day 3"
71,0.954156522965582,0.0407701071271375,0.00507336990728047,48312.1372596747,12.9926765763979,0,"Choledocholithiasis",3,"biliary_readmission","early_completion","ow","Completed by day 3"
72,0.953884700791437,0.0410233966391271,0.00509190256943597,48299.1445830983,12.8214464466957,0.938118335318846,"Choledocholithiasis",3,"biliary_readmission","early_completion","ow","Completed by day 3"
73,0.953669854156398,0.0412382432741665,0.00509190256943597,48285.3850183162,10.8754784348262,0,"Choledocholithiasis",3,"biliary_readmission","early_completion","ow","Completed by day 3"
74,0.95334599138092,0.0415621060496441,0.00509190256943597,48274.5095398814,16.3938459166626,0,"Choledocholithiasis",3,"biliary_readmission","early_completion","ow","Completed by day 3"
75,0.953107214878644,0.0417900710473436,0.00510271407401229,48258.1156939648,11.5395263971479,0.547275431361425,"Choledocholithiasis",3,"biliary_readmission","early_completion","ow","Completed by day 3"
76,0.95292922575638,0.0419680601696078,0.00510271407401229,48246.0288921362,9.00976112780687,0,"Choledocholithiasis",3,"biliary_readmission","early_completion","ow","Completed by day 3"
77,0.95269077044758,0.0422065154784082,0.00510271407401229,48237.0191310084,12.0705431018406,0,"Choledocholithiasis",3,"biliary_readmission","early_completion","ow","Completed by day 3"
78,0.95245934313419,0.0424074632486688,0.00513319361714142,48224.9485879066,10.1719216667946,1.54286621218616,"Choledocholithiasis",3,"biliary_readmission","early_completion","ow","Completed by day 3"
79,0.952126530092227,0.0426367373270814,0.00523673258069154,48213.2338000276,11.6057917080412,5.24111427226706,"Choledocholithiasis",3,"biliary_readmission","early_completion","ow","Completed by day 3"
80,0.95183856302045,0.0429247043988591,0.00523673258069154,48196.3868940473,14.5768151243491,0,"Choledocholithiasis",3,"biliary_readmission","early_completion","ow","Completed by day 3"
81,0.951495608558071,0.043238240730489,0.00526615071144029,48181.810078923,15.871124127916,1.48913780517067,"Choledocholithiasis",3,"biliary_readmission","early_completion","ow","Completed by day 3"
82,0.951170188716812,0.043507871477321,0.00532193980586729,48164.4498169899,13.6486353253765,2.8240288391205,"Choledocholithiasis",3,"biliary_readmission","early_completion","ow","Completed by day 3"
83,0.950949091925292,0.0437160327016821,0.00533487537302591,48147.9771528254,10.5370647582674,0.654794903583214,"Choledocholithiasis",3,"biliary_readmission","early_completion","ow","Completed by day 3"
84,0.950711827097368,0.0439192057225335,0.00536896718009887,48136.7852931635,10.2845632485826,1.7257180339745,"Choledocholithiasis",3,"biliary_readmission","early_completion","ow","Completed by day 3"
85,0.950523024247064,0.0441080085728373,0.00536896718009887,48124.775011881,9.55714911027651,0,"Choledocholithiasis",3,"biliary_readmission","early_completion","ow","Completed by day 3"
86,0.950278198278414,0.0443033997406461,0.00541840198094,48115.2178627707,9.89064795671838,2.5023762200373,"Choledocholithiasis",3,"biliary_readmission","early_completion","ow","Completed by day 3"
87,0.949944340381189,0.0446372576378712,0.00541840198094,48102.8248385939,16.8997962704948,0,"Choledocholithiasis",3,"biliary_readmission","early_completion","ow","Completed by day 3"
88,0.949804251834643,0.0447298746642016,0.00546587350115595,48085.9250423234,4.6882487704275,2.40299548690754,"Choledocholithiasis",3,"biliary_readmission","early_completion","ow","Completed by day 3"
89,0.949655599021096,0.0448573806164171,0.00548702036248714,48078.8337980661,6.45431674262482,1.07044838905375,"Choledocholithiasis",3,"biliary_readmission","early_completion","ow","Completed by day 3"
90,0.949369653410193,0.0451243537986044,0.00550599279120263,48071.3090329344,13.5141101233552,0.960379199393834,"Choledocholithiasis",3,"biliary_readmission","early_completion","ow","Completed by day 3"
