database,category,system,code,match_type,description,valid_start,valid_end,analysis_tier,certainty,source,note
SIH-SUS,acute_cholecystitis,CID-10,K800,exact,K80.0 Calculose vesicula biliar c/colicistite agud,2018-01,2022-12,primary,high,DATASUS CID10.DBF local official table,Calculus of gallbladder with acute cholecystitis
SIH-SUS,acute_cholecystitis,CID-10,K810,exact,K81.0 Colecistite aguda,2018-01,2022-12,primary,high,DATASUS CID10.DBF local official table,Acute cholecystitis
SIH-SUS,cholecystitis_broad,CID-10,K801,exact,K80.1 Calculose vesic biliar c/outr form colecist,2018-01,2022-12,sensitivity,moderate,DATASUS CID10.DBF local official table,Other forms of cholecystitis with gallbladder calculus; not explicitly acute
SIH-SUS,cholecystitis_broad,CID-10,K804,exact,K80.4 Calculose de via biliar c/colecistite,2018-01,2022-12,sensitivity,moderate,DATASUS CID10.DBF local official table,Bile-duct calculus with cholecystitis; acuity unspecified
SIH-SUS,choledocholithiasis,CID-10,K803,exact,K80.3 Calculose de via biliar c/colangite,2018-01,2022-12,primary,high,DATASUS CID10.DBF local official table,Bile-duct calculus with cholangitis
SIH-SUS,choledocholithiasis,CID-10,K804,exact,K80.4 Calculose de via biliar c/colecistite,2018-01,2022-12,primary,high,DATASUS CID10.DBF local official table,Bile-duct calculus with cholecystitis
SIH-SUS,choledocholithiasis,CID-10,K805,exact,K80.5 Calculose via biliar s/colangite colecistite,2018-01,2022-12,primary,high,DATASUS CID10.DBF local official table,Bile-duct calculus without cholangitis/cholecystitis
SIH-SUS,gallstone_broad,CID-10,K80,prefix,K80   Colelitiase,2018-01,2022-12,key_secondary,moderate,DATASUS CID10.DBF local official table,All cholelithiasis; not a target cohort by itself
SIH-SUS,cholangitis,CID-10,K830,exact,K83.0 Colangite,2018-01,2022-12,covariate,high,DATASUS CID10.DBF local official table,Cholangitis
SIH-SUS,biliary_obstruction,CID-10,K831,exact,K83.1 Obstrucao de via biliar,2018-01,2022-12,covariate,high,DATASUS CID10.DBF local official table,Obstruction of bile duct
SIH-SUS,biliary_acute_pancreatitis,CID-10,K851,exact,K85.1 Pancreatite aguda biliar,2018-01,2022-12,covariate,high,DATASUS CID10.DBF local official table,Acute biliary pancreatitis
SIH-SUS,biliary_or_pancreatic_malignancy,CID-10,C23,prefix,C23   Neopl malig da vesicula biliar,2018-01,2022-12,exclusion,high,DATASUS CID10.DBF local official table,Malignant neoplasm of gallbladder
SIH-SUS,biliary_or_pancreatic_malignancy,CID-10,C24,prefix,C24   Neopl malig outr partes e NE vias biliares,2018-01,2022-12,exclusion,high,DATASUS CID10.DBF local official table,Malignant neoplasm of biliary tract
SIH-SUS,biliary_or_pancreatic_malignancy,CID-10,C25,prefix,C25   Neopl malig do pancreas,2018-01,2022-12,exclusion,high,DATASUS CID10.DBF local official table,Malignant neoplasm of pancreas
SIH-SUS,biliary_or_pancreatic_malignancy,CID-10,C221,exact,C22.1 Carcinoma de vias biliares intra-hepaticas,2018-01,2022-12,exclusion,high,DATASUS CID10.DBF local official table,Intrahepatic bile-duct carcinoma
SIH-SUS,cirrhosis_proxy,CID-10,K74,prefix,K74   Fibrose e cirrose hepaticas,2018-01,2022-12,covariate,high,DATASUS CID10.DBF local official table,Fibrosis and cirrhosis of liver
SIH-SUS,coagulation_disorder_proxy,CID-10,D65,prefix,D65   Coagulacao intravascular disseminada,2018-01,2022-12,covariate,moderate,DATASUS CID10.DBF local official table,Disseminated intravascular coagulation
SIH-SUS,coagulation_disorder_proxy,CID-10,D66,prefix,D66   Defic hereditaria do fator VIII,2018-01,2022-12,covariate,moderate,DATASUS CID10.DBF local official table,Hereditary factor VIII deficiency
SIH-SUS,coagulation_disorder_proxy,CID-10,D67,prefix,D67   Defic hereditaria do fator IX,2018-01,2022-12,covariate,moderate,DATASUS CID10.DBF local official table,Hereditary factor IX deficiency
SIH-SUS,coagulation_disorder_proxy,CID-10,D68,prefix,D68   Outr defeitos da coagulacao,2018-01,2022-12,covariate,moderate,DATASUS CID10.DBF local official table,Other coagulation defects
SIH-SUS,prior_cholecystectomy_proxy,CID-10,Z904,exact,Z90.4 Ausencia adquir outr partes trato digestivo,2018-01,2022-12,sensitivity,low,DATASUS CID10.DBF local official table,Acquired absence of other parts of digestive tract; not gallbladder-specific
SIH-SUS,ercp_diagnostic,SIGTAP,0209010010,exact,COLANGIOPANCREATOGRAFIA RETROGRADA (VIA ENDOSCOPICA) | COLANGIOPANCREATOGRAFIA RETROGRADA (VIA ENDOSCÓPICA),201801,202212,not_completion,high,"Monthly official SIGTAP tb_procedimento.txt, 2018-2022",Diagnostic ERCP only; observed_month_files=60; distinct_descriptions=2
SIH-SUS,cholecystectomy_total_or_unspecified,SIGTAP,0407030026,exact,COLECISTECTOMIA,201801,202212,primary,high,"Monthly official SIGTAP tb_procedimento.txt, 2018-2022",Open/unspecified cholecystectomy; observed_month_files=60; distinct_descriptions=1
SIH-SUS,cholecystectomy_total_or_unspecified,SIGTAP,0407030034,exact,COLECISTECTOMIA VIDEOLAPAROSCOPICA,201801,202212,primary,high,"Monthly official SIGTAP tb_procedimento.txt, 2018-2022",Laparoscopic cholecystectomy; observed_month_files=60; distinct_descriptions=1
SIH-SUS,cholecystostomy,SIGTAP,0407030042,exact,COLECISTOSTOMIA,201801,202212,bridge,high,"Monthly official SIGTAP tb_procedimento.txt, 2018-2022",Bridge/non-definitive for acute cholecystitis; observed_month_files=60; distinct_descriptions=1
SIH-SUS,surgical_bile_duct_exploration,SIGTAP,0407030069,exact,COLEDOCOTOMIA C/ OU S/ COLECISTECTOMIA,201801,202212,sensitivity,moderate,"Monthly official SIGTAP tb_procedimento.txt, 2018-2022",Choledochotomy; title does not explicitly document stone clearance; observed_month_files=60; distinct_descriptions=1
SIH-SUS,surgical_bile_duct_exploration,SIGTAP,0407030077,exact,COLEDOCOTOMIA VIDEOLAPAROSCOPICA,201801,202212,sensitivity,moderate,"Monthly official SIGTAP tb_procedimento.txt, 2018-2022",Laparoscopic choledochotomy; title does not explicitly document stone clearance; observed_month_files=60; distinct_descriptions=1
SIH-SUS,biliary_stent,SIGTAP,0407030085,exact,COLOCACAO DE PROTESE BILIAR,201801,202212,bridge,high,"Monthly official SIGTAP tb_procedimento.txt, 2018-2022",Biliary prosthesis placement; not clearance; observed_month_files=60; distinct_descriptions=1
SIH-SUS,biliary_dilation,SIGTAP,0407030093,exact,DILATACAO PERCUTANEA DE ESTENOSES E ANASTOMOSES BILIARES,201801,202212,bridge,moderate,"Monthly official SIGTAP tb_procedimento.txt, 2018-2022",Dilation for stenosis/anastomosis; not stone clearance; observed_month_files=60; distinct_descriptions=1
SIH-SUS,percutaneous_biliary_drainage,SIGTAP,0407030107,exact,DRENAGEM BILIAR PERCUTANEA EXTERNA,201801,202212,bridge,high,"Monthly official SIGTAP tb_procedimento.txt, 2018-2022",External percutaneous biliary drainage; observed_month_files=60; distinct_descriptions=1
SIH-SUS,percutaneous_biliary_drainage,SIGTAP,0407030115,exact,DRENAGEM BILIAR PERCUTANEA INTERNA,201801,202212,bridge,high,"Monthly official SIGTAP tb_procedimento.txt, 2018-2022",Internal percutaneous biliary drainage; observed_month_files=60; distinct_descriptions=1
SIH-SUS,duct_clearance_explicit,SIGTAP,0407030239,exact,RETIRADA PERCUTANEA DE CALCULOS BILIARES,201801,202212,primary,high,"Monthly official SIGTAP tb_procedimento.txt, 2018-2022",Explicit percutaneous removal of biliary stones; observed_month_files=60; distinct_descriptions=1
SIH-SUS,therapeutic_ercp_clearance_proxy,SIGTAP,0407030255,exact,COLANGIOPANCREATOGRAFIA RETRÓGRADA ENDOSCÓPICA TERAPÊUTICA,202101,202212,primary_proxy,moderate,"Monthly official SIGTAP tb_procedimento.txt, 2018-2022",Therapeutic ERCP; definitive-intent proxy but title does not prove stone removal; observed_month_files=24; distinct_descriptions=1
